"","id","x"
"1",1,0.159885943867266
"2",2,0.297034559072927
"3",3,0.562571616144851
"4",4,0.983643904794008
"5",5,0.556184195913374
"6",6,0.0817656819708645
"7",7,0.345032991142944
"8",8,0.277663111686707
"9",9,0.776358420960605
"10",10,0.212488409364596
